name,sku,stock
Zebra 57,L-00,0
Fig 56,L-37,13
Pear 55,L-74,26
Lemon 54,L-11,39
Quince 53,L-48,12
Cherry 52,L-85,25
Plum 51,L-22,38
Banana 50,L-59,11
Peach 49,L-96,24
Kiwi 48,L-33,37
Olive 47,L-70,10
Mango 46,L-07,23
Date 45,L-44,36
Apple 44,L-81,9
Grape 43,L-18,22
Zebra 42,L-55,35
Fig 41,L-92,8
Pear 40,L-29,21
Lemon 39,L-66,34
Quince 38,L-03,7
Cherry 37,L-40,20
Plum 36,L-77,33
Banana 35,L-14,6
Peach 34,L-51,19
Kiwi 33,L-88,32
Olive 32,L-25,5
Mango 31,L-62,18
Date 30,L-99,31
Apple 29,L-36,4
Grape 28,L-73,17
Zebra 27,L-10,30
Fig 26,L-47,3
Pear 25,L-84,16
Lemon 24,L-21,29
Quince 23,L-58,2
Cherry 22,L-95,15
Plum 21,L-32,28
Banana 20,L-69,1
Peach 19,L-06,14
Kiwi 18,L-43,27
Olive 17,L-80,0
Mango 16,L-17,13
Date 15,L-54,26
Apple 14,L-91,39
Grape 13,L-28,12
Zebra 12,L-65,25
Fig 11,L-02,38
Pear 10,L-39,11
Lemon 9,L-76,24
Quince 8,L-13,37
Cherry 7,L-50,10
Plum 6,L-87,23
Banana 5,L-24,36
Peach 4,L-61,9
Kiwi 3,L-98,22
Olive 2,L-35,35
Mango 1,L-72,8
